Category	Term	Count	%	PValue	Genes	List Total	Pop Hits	Pop Total	Fold Enrichment	Bonferroni	Benjamini	FDR
KEGG_PATHWAY	hsa04510:Focal adhesion	4	40.0	4.951799099450847E-4	COL1A1, CCND1, FN1, MET	7	206	6879	19.081830790568652	0.02687393342171618	0.02723489504697966	0.02723489504697966
KEGG_PATHWAY	hsa04151:PI3K-Akt signaling pathway	4	40.0	0.002233099652353592	COL1A1, CCND1, FN1, MET	7	345	6879	11.393788819875777	0.11569903891200439	0.05960306598403174	0.05960306598403174
KEGG_PATHWAY	hsa05200:Pathways in cancer	4	40.0	0.0032510763264017315	CXCL12, CCND1, FN1, MET	7	393	6879	10.002181025081788	0.16397811719991295	0.05960306598403174	0.05960306598403174
KEGG_PATHWAY	hsa05205:Proteoglycans in cancer	3	30.0	0.011679874097852259	CCND1, FN1, MET	7	200	6879	14.740714285714285	0.475953092452443	0.16059826884546857	0.16059826884546857
